,period,short_desc,temp,desc
0,Tonight,Showers,Low: 41 °F,"Tonight: Showers, with thunderstorms also possible after 4am.  Low around 41. Northeast wind 5 to 10 mph.  Chance of precipitation is 100%. New rainfall amounts between a quarter and half of an inch possible. "
1,Wednesday,Showers,High: 50 °F,"Wednesday: Showers and possibly a thunderstorm before 1pm, then a slight chance of showers between 1pm and 4pm.  High near 50. North wind 5 to 10 mph becoming west in the afternoon.  Chance of precipitation is 100%. New rainfall amounts between a quarter and half of an inch possible. "
2,WednesdayNight,Partly Cloudy,Low: 31 °F,"Wednesday Night: Partly cloudy, with a low around 31. North northwest wind 10 to 15 mph. "
3,Thursday,Sunny,High: 45 °F,"Thursday: Sunny, with a high near 45. North wind 10 to 15 mph, with gusts as high as 20 mph. "
4,ThursdayNight,Mostly Clear,Low: 28 °F,"Thursday Night: Mostly clear, with a low around 28. North northeast wind 5 to 10 mph. "
5,Friday,Sunny,High: 52 °F,"Friday: Sunny, with a high near 52. East northeast wind 5 to 10 mph becoming southeast in the afternoon. "
6,FridayNight,Partly Cloudy,Low: 39 °F,"Friday Night: Partly cloudy, with a low around 39. South southeast wind around 10 mph. "
7,Saturday,Slight ChanceShowers,High: 60 °F,"Saturday: A 20 percent chance of showers after 7am.  Mostly cloudy, with a high near 60. South wind 10 to 15 mph, with gusts as high as 20 mph. "
8,SaturdayNight,Slight ChanceShowers thenMostly Cloudy,Low: 48 °F,"Saturday Night: A 20 percent chance of showers before 7pm.  Mostly cloudy, with a low around 48. South wind 5 to 10 mph. "
